author_name,first_name,email,email_status,email_source,normalized_author_name,normalized_email,duplicate_status,duplicate_match_reference,country,city,region_or_county,location_relationship,location_evidence,author_type,publishing_route,official_website,book_title,book_type,publication_date,latest_release_date,publisher,isbn_or_asin,series,book_topic,book_distinctive_features,current_author_moment,current_marketing_signal,marketing_evidence,commercial_fit,current_author_need,best_reusable_deliverables,spotlight_angle,curiosity_question,personalization_detail,personalization_reason,outreach_language,discovery_source,research_sources,research_confidence,personalization_status,audit_notes
Lauren Beukes,Lauren,oli.munson@amheath.com,VERIFIED PROFESSIONAL,"laurenbeukes.com/contact - literary agent Oli Munson, A M Heath (book rights), seen in search result summary",lauren beukes,oli.munson@amheath.com,CLEAR,,South Africa,Cape Town,Western Cape,based in (unverified current residence),Wikipedia/search results: South African novelist who grew up in Johannesburg; Cape Town residence not re-verified this run,science fiction,Traditional,https://laurenbeukes.com/,Bridge,novel,,,,,,Young woman searches for her mother across realities,,ACTIVELY PROMOTING,Latest novel Bridge listed as out now on author site,Author site lists Bridge as out now; exact publication date and publisher not confirmed in this run.,MEDIUM,Author profile around current novel.,website-ready profile; newsletter version,Parallel-reality structure of Bridge and a mother-daughter search,How did you decide which versions of the mother stay unresolved across the realities in Bridge?,Bridge is her latest novel; agent for book rights is Oli Munson at A M Heath,"Prominent South African speculative novelist with current novel; contact is agent, not author directly.",English,official author website (via search),https://laurenbeukes.com/contact/ - agent contact; https://laurenbeukes.com/books/ - latest book,MEDIUM,NEEDS REVIEW,"NEEDS REVIEW: Bridge pub date/publisher/ISBN not verified; recency (within 18 months) unconfirmed; only one source on book; web search budget exhausted. Contact is rights agent, not general outreach."
Deon Meyer,Deon,mbalenhle@panmacmillan.co.za,VERIFIED PROFESSIONAL,Pan Macmillan South Africa publicity contact (Mbalenhle Simelane) named in search result summary for Deon Meyer,deon meyer,mbalenhle@panmacmillan.co.za,CLEAR,,South Africa,Stellenbosch,Western Cape,current residence,Search summary: Deon Meyer lives in Stellenbosch; deonmeyer.com,crime/thriller,Traditional,https://www.deonmeyer.com/,Scorpio (Skorpio),novel,2026-10,2026-10,Pan Macmillan South Africa,,Benny Griessel (9th),Stellenbosch security forum and a dangerous plot investigated by detectives,,LAUNCH NOW,Forthcoming October 2026 Benny Griessel novel announced by Pan Macmillan SA,Pan Macmillan SA announcement: Scorpio due October 2026 (trade paperback/ebook); Macmillan edition early 2027.,HIGH,Launch-period author profile.,launch-period profile; English summary,Stellenbosch as setting for the ninth Griessel novel,What did you change about Griessel's world in book nine after eight prior investigations?,9th Benny Griessel novel; Afrikaans and English editions; set in Stellenbosch,Major South African crime author with imminent launch.,English,Pan Macmillan South Africa announcement,https://www.panmacmillan.co.za/blogs/news/pan-mac-swoops-for-internationally-bestselling-author-deon-meyer - release; https://www.deonmeyer.com/ - official site; blakefriedmann.co.uk/deon-meyer - agent,MEDIUM,NEEDS REVIEW,"NEEDS REVIEW: email is a publisher publicist contact, not confirmed as appropriate for author outreach; book depth research limited to one summary; language: writes primarily Afrikaans, English outreach assumed not verified (Afrikaans possible); search budget exhausted."
Ayesha Harruna Attah,Ayesha,ayesha.attah@gmail.com,SUPPORTED,Appeared in search result summary for her author pages (exact page not captured); agency Aevitas Creative Management also listed,ayesha harruna attah,ayesha.attah@gmail.com,CLEAR,,Ghana,Accra,Greater Accra,born in,Wikipedia: born December 1983 in Accra; current residence not verified,nonfiction expert,Traditional,https://www.ayeshaattah.com/,Bitter Sweet: The Story of West Africa Through the Kola Nut,narrative nonfiction,2026-12,2026-12,"Hurst Publishers (UK); University of North Carolina Press (North America, 2027)",,,"West African history, trade and ritual through the kola nut",Her first nonfiction after novels; history/travelogue blend,LAUNCH NOW,"Forthcoming Dec 2026 UK nonfiction debut announced (Brittle Paper, March 2026)","Brittle Paper March 2026 announcement; Hurst UK Dec 2026, UNC Press first half 2027.",HIGH,Pre-launch author profile around nonfiction debut.,website-ready profile; newsletter version,Novelist turning to history through a single trade commodity,What did the kola nut let you say about West Africa that your novels could not?,Nonfiction debut after historical novels; represented by Aevitas,Ghanaian author with imminent book.,English,Brittle Paper announcement,https://brittlepaper.com/2026/03/ayesha-harruna-attah-announces-nonfiction-debut-bitter-sweet-the-story-of-west-africa-through-the-kola-nut/ - announcement; https://www.ayeshaattah.com/ - site; https://www.aevitascreative.com/client/ayesha-harruna-attah - agent,MEDIUM,NEEDS REVIEW,NEEDS REVIEW: Gmail address came from a search summary without a confirmed source page; current residence not verified (may live outside Ghana); region field inferred from Accra birthplace; spelling of email should be rechecked.
Nnedi Okorafor,Nnedi,arodriguez@wmeagency.com,VERIFIED PROFESSIONAL,"nnedi.com/contact - literary agent Angeline Rodriguez (WME), seen in search result summary",nnedi okorafor,arodriguez@wmeagency.com,CLEAR,,Nigeria,,,"Nigerian-American author (Nigerian heritage); US-based, residence not verified","Search results: Texas State University event 2026; Nigerian connection through heritage/themes, not verified residence",science fiction,Traditional,https://nnedi.com/,The Daughter Who Remains,novella,2026-02-17,2026-02-17,,,She Who Knows (final),Final instalment of She Who Knows trilogy,,ACTIVELY PROMOTING,2026 novella plus 2026 Texas State reading and signing,Search results show Feb 2026 release and a Texas State University reading/signing in 2026.,MEDIUM,Event-ready author profile.,website-ready profile,Closing a trilogy rooted in Nigerian-informed Africanfuturism,What did you refuse to resolve in the closing book of She Who Knows?,Final She Who Knows book; 2026 signing in Texas,Prominent Nigerian-heritage fantasy author with 2026 release.,English,official author website (via search),https://nnedi.com/contact/ - agent contact; https://news.txst.edu/university-statements/2026/nnedi-okorafor-reading-and-book-signing.html - event,LOW,NEEDS REVIEW,"NEEDS REVIEW: Nigeria connection weak (US-based Nigerian-American); contact is major agency, likely unsuitable for cold outreach; publisher not verified; city/region blank deliberately."
Damilare Kuku,Damilare,tblngpress@gmail.com,VERIFIED PROFESSIONAL,TBLNG Press (publisher) orders/enquiries email in search results for her book; not an author contact,damilare kuku,tblngpress@gmail.com,CLEAR,,Nigeria,Lagos,Lagos,Nigerian author; Lagos residence not verified (book set in Lagos),Search results: Nigerian author; TBLNG Press (Nigeria) edition,romance,Traditional,,Women Rent Men and Secrets Here,novel,2026-02,2026-07,"TBLNG Press (Nigeria, Feb 2026); Simon & Schuster UK (July 2026)",,,Romance/satire set in Nigeria,,LAUNCH NOW,2026 novel with Nigerian and UK editions,Zikoko announcement; TBLNG Press and Simon & Schuster UK listings.,HIGH,Profile around UK launch.,English summary; website-ready profile,Nigerian local release followed by UK edition,What changed between the TBLNG and Simon & Schuster editions?,Two 2026 editions; Pan Macmillan SA also lists it,Current romance author with multi-market release.,English,2026 Nigerian books list,https://tblng.press/book/women-rent-men-and-secrets-here/ - publisher page; https://www.zikoko.com/her/damilare-kuku-book-women-rent-men-and-secrets-here/ - announcement,LOW,NEEDS REVIEW,"NEEDS REVIEW: email is publisher orders contact, not author; no direct author email found; premise details not verified; residence not verified."
Ines Bautista-Yao,Ines,writeme@inesbyao.com,VERIFIED DIRECT,Author contact details surfaced in web search of her author site (inesbyao.wordpress.com / inesbautistayao.com),ines bautista yao,writeme@inesbyao.com,CLEAR,,Philippines,Manila,Metro Manila,works in,"Teaches at Ateneo de Manila University and edits The Windhover (Ateneo news, 2026); Filipino romance/women's fiction author published by PRH SEA and Ateneo Press",commercial fiction,Traditional,https://www.inesbautistayao.com,Happily Ever After... Again,Novel,2026-02-24,2026-02-24,Penguin Random House SEA,9789815323627,,Annulled 33-year-old mother of preschool twins rebuilds her life after a misdirected text from her husband,Author's 11th novel; hope/love/joy theme framed against an AI-shaped era (ABS-CBN interview); reached National Book Store bestseller list May-June 2026,ACTIVELY PROMOTING,2026 novel on National Book Store bestseller list with ABS-CBN and Ateneo coverage,Published 24 Feb 2026 by PRH SEA; Ateneo news piece (June 2026) on release of her 11th novel; bestseller list May-June 2026; also My Lola's Love Letters (Ateneo Press) launched earlier.,HIGH,Launch-aftermath author profile and a feature connecting her new novel with her earlier Ateneo Press work.,website-ready profile; social excerpts; newsletter version,"Writing hope and joy in a romance about marriage annulment, from an author who is also a university teacher and Jesuit-magazine editor",Annulment is a charged subject in the Philippines; what did you decide to show or leave unresolved about Ilya's legal and emotional path?,Eleventh novel; first book published 2011; teaches at Ateneo; edits The Windhover; National Book Store bestseller May-June 2026,Recent Penguin SEA romance still charting; distinctive Philippine annulment premise; clear timely hook.,English,Penguin Southeast Asia 2026 Filipino titles (Manila Times column),https://www.manilatimes.net/2026/07/04/opinion/columns/new-filipino-books-from-penguin-southeast-asia/2378143 - release roundup; https://www.ateneo.edu/news/2026/06/ines-bautista-yao-release-her-11th-novel-happily-ever-afteragain - release/interview; https://www.ipgbook.com/happily-ever-after---again-products-9789815323627.php - ISBN; https://www.penguin.sg/book_author/ines-bautista-yao/ - publisher author page,MEDIUM,READY,Email domain inesbyao.com vs website inesbautistayao.com; both appeared in search results but the contact page itself was not opened (fetch blocked). Annulment premise and ABS-CBN interview known only from search summaries.
Kyra Ysabel,Kyra,hi@kyraysabel.com,VERIFIED DIRECT,kyraysabel.com/contact (shown in search result; second address authorkyraysabel@gmail.com also listed),kyra ysabel,hi@kyraysabel.com,CLEAR,,Philippines,,,born and raised in,"Penguin SEA bio: Filipina author, born and raised in the Philippines. Current city not verified.",romance,Hybrid,https://kyraysabel.com,The Love Letters of Via Lullina,Novel,2026-07-21,2026-07-21,Penguin Random House SEA,9789815362152,,"Filipino writer Isla Mendoza gets lost in Florence and finds a bookshop on a nonexistent street holding love letters, one addressed to her",Florence setting; magical-bookshop premise; author previously self-published the Magnolia Heights contemporary romcom series before Penguin SEA,LAUNCH NOW,July 2026 Penguin SEA romance debut following self-published Magnolia Heights series,Published 21 Jul 2026 by PRH SEA and listed in a July 2026 Manila Times roundup of new Filipino Penguin SEA titles.,HIGH,Launch-period profile for a self-published-to-Penguin transition.,website-ready profile; social excerpts,From social-media-driven self-published romcom series to a Penguin SEA magical-realist Florence romance,What changed in your drafting when you moved from the serial Magnolia Heights world to a single standalone set abroad?,Penguin SEA release 21 Jul 2026; Magnolia Heights series; Instagram @kyraysabelwrites,"Brand-new traditional release by a self-published social-media author, timely now.",English,Penguin Southeast Asia 2026 Filipino titles (Manila Times column),https://www.manilatimes.net/2026/07/04/opinion/columns/new-filipino-books-from-penguin-southeast-asia/2378143 - release roundup; https://www.penguin.sg/book_author/kyra-ysabel/ - publisher bio; https://kyraysabel.com/contact/ - contact; https://us.amazon.com/Love-Letters-Via-Lullina/dp/9815362151 - ISBN listing,MEDIUM,NEEDS REVIEW,"Current city not verified; no interview or event found to support the spotlight angle; retailer listing plus publisher page only. Curiosity question is inferred from the bio, not a source."
Mina V. Esguerra,Mina,minavesguerra@gmail.com,VERIFIED DIRECT,minavesguerra.com/contact (media/interview/rights inquiries),mina v esguerra,minavesguerra@gmail.com,CLEAR,,Philippines,Metro Manila,Metro Manila,current residence,Author site bio says she lives in Metro Manila (may be dated),romance,Independent,https://minavesguerra.com,,,,,RomanceClass (own imprint),,,Contemporary romance; Interim Goddess of Love YA/fantasy trilogy drawing on Philippine mythology,Founder of #RomanceClass; Philippine mythology YA trilogy,ACTIVELY PROMOTING,RomanceClass2026 cohort (Feb-May 2026) and guest editor of Philippine Genre Stories,RomanceClass2026 ran Feb 16-May 15 with 41 authors; Kilig and Liebe anthology from RomanceClassHalo released 21 Aug 2026; guest-edits Philippine Genre Stories Aug-Dec 2026; featured in Rolling Stone Philippines May 2026.,MEDIUM,Profile around RomanceClass community and her own backlist.,website-ready profile; newsletter version,Nearly twenty years of independently publishing Filipino romance and building RomanceClass,Which of your own early indie decisions would you now tell a new RomanceClass cohort to do differently?,RomanceClass founder; textbook updated with Part 2 Related Reading; Interim Goddess of Love trilogy,Active community builder with an indie audience; own recent book not identified.,English,Web search for Filipino romance authors,https://minavesguerra.com/contact/ - contact; https://minavesguerra.com/about/ - bio; https://romanceclassbooks.com/ - RomanceClass,MEDIUM,NEEDS REVIEW,"No book by her in the last 18 months was identified, so book fields are blank. Current activity is community and editorial, not a verified own release. Needs a latest-title check."
Kiran Manral,Kiran,kiranmanral@gmail.com,SUPPORTED,Appeared in a web search summary of her author profile; not opened on her own page,kiran manral,kiranmanral@gmail.com,CLEAR,,India,Mumbai,Maharashtra,based in,"Search summary: Mumbai-based author, founder of The Story Company India",commercial fiction,Traditional,https://kiranmanral.wordpress.com,,,,,,,,"Crime, domestic and supernatural fiction; nonfiction Rising: 30 Women Who Changed India",About 15-16 books; also podcaster and workshop founder,EVERGREEN AUTHORITY,Runs The Story Company India writing workshops (Feb-Apr 2026) and posts on Substack,Feb 26 2026 workshop registration links for Feb-Mar-Apr workshops; active Substack.,MEDIUM,Profile connecting her backlist with her workshop and storytelling work.,website-ready profile; newsletter version,From crime and domestic suspense author to writing teacher and storyteller,How has teaching workshops changed the way you structure your own suspense plots?,Founder of The Story Company India; first novel The Reluctant Detective (2011); Substack author,Active author-educator with a public Gmail contact; current book still unconfirmed.,English,Web search for Indian author contacts,https://kiranmanral.substack.com/ - current activity; https://kiranmanral.wordpress.com/ - website; https://en.wikipedia.org/wiki/Kiran_Manral - bio,LOW,NEEDS REVIEW,"No book from the last 18 months confirmed, so book fields are blank. Email seen only in a search summary. Curiosity question is generic and unverified. Should not be sent without further checks."
Zoe York,Zoe,zoeyorkwrites@gmail.com,VERIFIED DIRECT,"zoeyork.com (official site, search result summary): states zoeyorkwrites@gmail.com is the most direct way to contact her",zoe york,zoeyorkwrites@gmail.com,CLEAR,,Canada,London,Ontario,current residence,"zoeyork.com About page / search summary: lives in London, Ontario with husband, two kids, two cats",romance,Independent,https://www.zoeyork.com,Stolen Hope (Dragonfly Creek #1),Novel,2026-05-01,2026-05-01,Self-published (ZoYo Press imprint seen on earlier audiobook listing; not re-verified for this title),,Dragonfly Creek #1,Small-town cowboy romance set in the town of Dragonfly Creek,"Start of a new series; follows her Canadian small-town series (Wardham, Pine Harbour); cowboy-romance subgenre; 70+ books across two pen names (Zoe York, Ainsley Booth)",LAUNCH NOW,May 2026 series launch with further 2026-27 releases scheduled,Stolen Hope published 1 May 2026; Pine Harbour title The Holidate Disaster listed for 3 Nov 2026; Dragonfly Creek book 3 listed for 30 Mar 2027 (Goodreads/Amazon/zoeyork.com search summaries).,HIGH,Series-launch-period author profile tying the new Dragonfly Creek series to her existing Pine Harbour readership.,website-ready profile; series overview; social excerpts,Moving from Canadian Pine Harbour small towns to a fictional cowboy-romance town: how a long-running indie series author launches a new series.,"What did you keep from Pine Harbour's community-driven structure when you built Dragonfly Creek, and what did you deliberately change for the cowboy-romance setting?","Stolen Hope published 1 May 2026; The Holidate Disaster due 3 Nov 2026; she also writes as Ainsley Booth and publishes self-publishing guides (Romance Your Brand, Romance Your Goals).",Prolific indie author with an active multi-book 2026-27 release pipeline and a directly published contact email.,English,Web search: Canadian fantasy/romance author contact results,https://www.zoeyork.com/ (contact/about); https://www.goodreads.com/author/show/7106670.Zoe_York; https://www.goodreads.com/series/441770-dragonfly-creek,MEDIUM,READY,Pages were not fetched directly (WebFetch blocked); facts come from search summaries. ISBN and exact publisher for Stolen Hope not verified. Web search quota ran out before further book-depth research.
Kelley Armstrong,Kelley,mail@kelleyarmstrong.com,VERIFIED PROFESSIONAL,kelleyarmstrong.com/contact (search result summary): mail@kelleyarmstrong.com listed for business-related inquiries via her assistant; rights go to The Knight Agency,kelley armstrong,mail@kelleyarmstrong.com,CLEAR,,Canada,,Ontario,current residence,Wikipedia/OLA summary: born and raised in Ontario; writes full-time from rural southern Ontario since 2002 (specific town not verified),crime/thriller,Traditional,https://www.kelleyarmstrong.com,Dive Bar at the End of the Road,Novel,2026-10-06,2026-10-06,,,,Forthcoming October 2026 novel (premise not verified),"Part of a 2026 slate with An Ordinary Sort of Evil (Rip Through Time #5, May 2026), A Deadly Inheritance (March 2026, Canada) and Brawlers & Burglars (Dec 2026)",LAUNCH NOW,multiple 2026 releases including an October 2026 novel,Release listings (NewBooksAlert/Goodreads/fantasticfiction summaries) show Dive Bar at the End of the Road on 6 Oct 2026 and other 2026 titles.,HIGH,Launch-period profile spanning several concurrent 2026 releases.,website-ready profile; newsletter version; series overview,Juggling several concurrent series (Rip Through Time and new standalones) in one release year.,Pending: needs title-specific research on Dive Bar at the End of the Road.,"Ontario-based; 2026 titles: An Ordinary Sort of Evil (May), Dive Bar at the End of the Road (6 Oct), Brawlers & Burglars (Dec).",Very active author with several 2026 releases and a published business contact via assistant.,English,Web search: author site contact results,https://www.kelleyarmstrong.com/contact/; https://newbooksalert.com/author-releases/kelley-armstrong/; https://en.wikipedia.org/wiki/Kelley_Armstrong,LOW,NEEDS REVIEW,"Book premise, publisher and ISBN unverified (search quota exhausted). Email is the assistant/business address, not author-personal. City not verified. Curiosity question is a placeholder."
Nalini Singh,Nalini,nalini@nalinisingh.com,SUPPORTED,"nalinisingh.com/contact (search result summary): address listed alongside agent (Nephele Tempest, The Knight Agency) and nalini.assistant@gmail.com for print-quality image requests; routing purpose of nalini@ not confirmed",nalini singh,nalini@nalinisingh.com,CLEAR,,New Zealand,Auckland,Auckland,current residence,Wikipedia summary: lives in Auckland; website lists a New Zealand mailing address,romance,Traditional,https://nalinisingh.com,Such a Perfect Family,Novel,2026,2026,,,,Psychological thriller / murder mystery,"Described as blending psychological thriller and murder mystery; follows her earlier crime novel Quiet in Her Bones (Ngaio Marsh finalist, 2022); departure from paranormal romance",LAUNCH NOW,2026 thriller listed in NZ 2026 thriller roundups,Listed among 2026 NZ thrillers in search results (Listener/Kete Books type roundups).,HIGH,Launch-period profile of her move between paranormal romance and crime.,website-ready profile; event excerpt; social excerpts,A bestselling paranormal romance author's continued shift into New Zealand-set crime.,Pending: needs title-specific research on Such a Perfect Family.,Auckland-based; earlier crime novel Quiet in Her Bones was a 2022 Ngaio Marsh finalist.,Major NZ author with a 2026 thriller and a published contact address.,English,Web search: NZ 2026 thriller releases,https://nalinisingh.com/contact/; https://en.wikipedia.org/wiki/Nalini_Singh_(author),LOW,NEEDS REVIEW,"Exact release date, publisher, ISBN unverified (search quota exhausted). Unclear whether nalini@ is monitored for business outreach; agent route may be more appropriate. Placeholder curiosity question."
R. Fénix,,r.fenix.autora@gmail.com,SUPPORTED,"Instagram bio @r.fenix_autora (seen in search results, two searches)",r fenix,r.fenix.autora@gmail.com,CLEAR,,Spain,,,UNVERIFIED,Spanish-language author; Spain residence not confirmed in any source seen,romance,Self-Published,https://rfenix.com/ (unconfirmed it is this author),Unbreakable: El error que lo cambiará todo,Novel,2025-03-04 (paperback per listing),2025-03-04,Self-published (KDP),,"Romantic duology, book 1","Contemporary romance: Greta, who lost her family, and Mateo; passion, loss, destiny",,ACTIVELY PROMOTING,"Active Instagram author account (2,308 followers); 2025 self-published novel",Instagram profile active; Amazon listings for 2025 paperback. No launch/event/interview evidence seen.,MEDIUM,,,,,,,Spanish,Instagram search result,https://www.instagram.com/r.fenix_autora/ ; https://www.amazon.es/Unbreakable-cambiar%C3%A1-rom%C3%A1ntica-contempor%C3%A1nea-p%C3%A9rdida/dp/B0DZHV7SRY,LOW,NEEDS REVIEW,Search budget exhausted. Spain connection unverified; book roughly 18 months old; no spotlight angle/curiosity question researched; first name not confirmed; second book status unknown.
P. Ubri,,p.ubriautora@gmail.com,SUPPORTED,Instagram bio @p.ubri_autora (seen once in search result),p ubri,p.ubriautora@gmail.com,CLEAR,,Spain,,,UNVERIFIED,Spanish-language romance author; Spain residence not confirmed,romance,Unknown,,,,,,,,,,,NO CLEAR CURRENT MOMENT,,,LOW,,,,,,,Spanish,Instagram search result,https://www.instagram.com/p.ubri_autora/,LOW,NEEDS REVIEW,"Search budget exhausted before any book/current-activity verification. Dark/mafia/contemporary romance per bio. Book, date, location all unverified; needs full research."
Gabriela Exilart,Gabriela,escuelaexilart@gmail.com,SUPPORTED,"Contact email shown in her Instagram bio (@gabrielaexilart), seen in search result summary; it is her writing-workshop (escuela) address",gabriela exilart,escuelaexilart@gmail.com,CLEAR,,Argentina,Mar del Plata,Buenos Aires,based in,"Press (Bacap, La Capital MDP) describe her as from Mar del Plata; lawyer, UNMdP law teacher and writing-workshop coordinator",historical fiction,Traditional,,Tierra herida,novel,2026-05,2026-05,Plaza & Janés (Penguin Random House Argentina),9789506448271,Companion/continuation of El secreto de Azucena (2025),"Historical novel of the Tandil quarries, immigrant workers and early working-class feminism, c. 1908-09 strike",Set in the Cerro Leones quarries of Tandil; choral narrative; continues characters who were children in El secreto de Azucena; rooted in the 1908-09 stone-cutters' strike,LAUNCH NOW,May 2026 novel presented at Buenos Aires Book Fair and still covered in Sept 2026 press,"Presented at Feria del Libro de Buenos Aires (May 2026); Infobae excerpt (3 Jun 2026) and feature (8 Sep 2026); Rosario3, 0223 and Bacap coverage.",HIGH,Launch-period author profile tying Tierra herida to El secreto de Azucena.,website-ready profile; series overview; newsletter version,Turning a little-told labour episode (Tandil quarries strike) into a two-book family saga,"How did you decide which child characters from El secreto de Azucena to carry into adulthood, and what did the quarry archives force you to change?","Tierra herida (Plaza & Janés, May 2026); Tandil quarries 1908-09; sequel to El secreto de Azucena; Mar del Plata-based",Active 2026 launch with a distinctive historical-research angle; timely now.,Spanish,Search: Argentine novelists 2026 releases (Penguin Libros AR / El Marplatense),https://www.infobae.com/cultura/2026/09/08/tierra-herida-la-lucha-de-trabajadores-mujeres-e-inmigrantes-que-gabriela-exilart-rescata-de-las-canteras-de-tandil/ ; https://www.penguinlibros.com/ar/novela-historica/630220-libro-tierra-herida-9789506448271 ; https://bacap.com.ar/2026/05/25/gabriela-exilart-publico-tierra-herida-una-nueva-novela-situada-en-tandil/ ; https://www.instagram.com/gabrielaexilart/,HIGH,READY,"Email is the workshop address from her Instagram bio, not explicitly a publisher/agent address; routing is the author's own public bio. Official website not verified."
María Florencia Freijo,Florencia,equipoflorenciafreijo@gmail.com,SUPPORTED,"Contact email in her Instagram bio (@florfreijo), seen in search result summary; 'equipo' (team) address",maría florencia freijo,equipoflorenciafreijo@gmail.com,CLEAR,,Argentina,,,publishes primarily in Argentina,Listed on Planeta de Libros Argentina author page; political scientist and speaker on gender history; city not verified,commercial fiction,Traditional,,(Mal) Educadas,new edition of nonfiction/narrative work (type not verified),2026-05-01 (new edition),2026-05-01,Editorial Planeta,,,Women's history/gender topics (not verified in detail),Author is a political scientist and gender-history speaker; 2024 novel De fuegos y flores also from Planeta,BACKLIST REACTIVATION,New May 2026 Planeta edition of (Mal) Educadas,"Retailer/Planeta listing shows May 1, 2026 hardcover and ePub edition; most recent novel De fuegos y flores (May 2024).",MEDIUM,Profile around the 2026 reissue connecting it to her later novels.,website-ready profile; newsletter version,Connecting gender-history expertise with her fiction,What changed in your approach to (Mal) Educadas between its first edition and this 2026 edition?,2026 Planeta edition of (Mal) Educadas; 2024 novel De fuegos y flores; political scientist and speaker,Reissue gives a current hook; limited evidence of events or interviews.,Spanish,Instagram bio search (escritora argentina),https://www.planetadelibros.com.ar/autor/maria-florencia-freijo/000053306 ; https://www.instagram.com/florfreijo/,LOW,NEEDS REVIEW,"Book type, original date and city unverified; only retailer/publisher listing seen for the new edition; no interviews or events found; email is a team address from Instagram bio."
Sofía Sol Veronelli,Sofía,soldeinviernook@gmail.com,SUPPORTED,"Contact email in Instagram bio (@soldeinviernook), seen in search result summary",sofía sol veronelli,soldeinviernook@gmail.com,CLEAR,,Argentina,,Buenos Aires,born in,Bio sources say born 1995 in the province of Buenos Aires; Argentine Orlando Books/Colabo listings; current residence not verified,romance,Independent,,Amada: un instante después,novel,2025-08-01,2025-08-01,The Orlando Books,,Instantes (bilogy; book 2 after Olvidada: un instante más),Contemporary romance: Ibiza torn between her past with Vito and a future with Manuel,Second book of a bilogy; author also publishes poetry and has ~83K Instagram followers; works as content creator,ACTIVELY PROMOTING,Aug 2025 romance novel from independent publisher with active large social following,Goodreads listing dates Amada to 1 Aug 2025; active Instagram (83K) and Threads; 2026 promotion not independently verified.,MEDIUM,Event-ready author feature around the completed Instantes bilogy.,social excerpts; series overview,Poet-turned-romance author closing a two-book series for a social-media-built readership,How did your poetry shape the way you structured the emotional flashbacks in the Instantes bilogy?,"Amada (Aug 2025, The Orlando Books); Olvidada book 1; poetry collection Algo de nosotros será para siempre",Recent series completion with large audience; timing hinges on current 2026 activity.,Spanish,Instagram bio search (Spanish author contact gmail),https://www.goodreads.com/book/show/240360591-amada ; https://www.instagram.com/soldeinviernook/ ; https://www.amazon.com.mx/stores/author/B0C5TRQ945,MEDIUM,NEEDS REVIEW,Book is roughly 14 months old; 2026 activity not verified; only retailer/Goodreads sources for book; city not verified.
Leandro Nesterczuk,Leandro,leandro.nesterczuk@gmail.com,SUPPORTED,"Contact email in Instagram bio (@leandro.nesterczuk.escritor), seen in search result summary",leandro nesterczuk,leandro.nesterczuk@gmail.com,CLEAR,,Argentina,Buenos Aires,Buenos Aires,born in,"Bio on Goodreads/Amazon: born 1985 in Buenos Aires, Argentina; current residence not verified",fantasy/speculative,Self-Published,,Hijos del Destino I: Legión,novel,2023-10,2023-10,Self-published (Amazon KDP; ISBN 9786316565006),9786316565006,Hijos del Destino (book II Legado in revision),"Urban fantasy saga with mystery, suspense and horror elements set in Solitud","Seven messengers/vessels and a divine plan; story conceived 2011, written from March 2022; influences Anne Rice, Stephen King, Junji Ito",ACTIVELY PROMOTING,Book II Legado announced as in correction per Instagram; first book from Oct 2023,Search summary of Instagram says Book II Legado is being corrected; no release date or 2026 event verified.,LOW,Possible pre-launch profile for the second book if release date confirmed.,series overview; social excerpts,Fourteen years from idea to page: building a horror-tinged urban fantasy saga,What changed in the Solitud story between its 2011 conception and the 2022 draft?,"Legión (Oct 2023); Book II Legado in revision; influences Rice, King, Ito",Self-published genre author with a second book approaching; timing unverified.,Spanish,Instagram bio search (fantasía mexicana/hispana),https://www.goodreads.com/book/show/200418375-hijos-del-destino-i ; https://www.instagram.com/leandro.nesterczuk.escritor/ ; https://www.amazon.com/Hijos-del-Destino-Legi%C3%B3n-Spanish/dp/6316565003,LOW,NEEDS REVIEW,Latest book is ~3 years old; current activity depends on unverified Book II; only retailer sources; fails recency unless Book II date confirmed.
James Murphy,James,farsetinvestigations@gmail.com,VERIFIED DIRECT,Contact email shown in search summary of author's website jamesmurphywriter.org / author profile,james murphy,farsetinvestigations@gmail.com,CLEAR,,United Kingdom,Belfast,Northern Ireland,based in,Described as Northern Irish crime writer; Belfast-set series; Master Convenor of CWA Irish Chapter; Libraries NI author event,crime/thriller,Independent,https://www.jamesmurphywriter.org/,"Farset Investigations Belfast, Case File Two - The Terror Within",novel,2026-03-22,2026-03-22,Unknown (Amazon listing),,Farset Investigations Belfast (Case File Two); also Dr Carolyn Harkin thrillers,Belfast private-detective crime fiction,"Belfast setting; second case file in series; author also runs crime-writing classes, podcast and radio show",ACTIVELY PROMOTING,"March 2026 Belfast crime novel with ongoing library events, podcast and radio presence",Case File Two released 22 March 2026 per Amazon listing. Libraries NI promoted his 'The Man Behind the Books' library event; hosts crime podcast and Belfast 247 radio show.,HIGH,Launch-period author profile or book feature supporting the new Farset series instalment.,website-ready profile; social excerpts; series overview,Belfast as narrative space for a private-detective series,How did you decide which Belfast neighbourhoods and Troubles-era legacies the Farset Investigations cases would keep returning to?,Case File Two released March 2026; Master Convenor CWA Irish Chapter; hosts podcast A Life Of Crime (Writing); Belfast 247 radio show Crime Scene,"Active, multi-channel NI crime author with a fresh 2026 release and public email.",English,Web search: Belfast/Northern Ireland crime fiction,jamesmurphywriter.org - author site/contact; Amazon - Case File Two listing; librariesni.org.uk - author event; writing.ie - guest blog; rss.com - podcast,MEDIUM,READY,"Search budget exhausted before publisher/ISBN verification; publisher unknown. Email taken from search-result summary, not directly page-viewed."
Ruth Frances Long,Ruth,info@rflong.com,VERIFIED DIRECT,Contact email shown in search summary for author's website rflong.com,ruth frances long,info@rflong.com,CLEAR,,Ireland,Dublin,Dublin,born in,Wikipedia snippet: Dublin-born writer; current residence not verified,fantasy/speculative,Traditional,https://www.rflong.com/,The God of Bronze,novel,2026-11-20,2026-11-20,Hachette (UK listing),,Feral Gods trilogy (concluding volume),Conclusion of adult fantasy trilogy,"Final book in Feral Gods trilogy; follows The Book of Gold, The Lore of Silver; author also writes YA fantasy",LAUNCH NOW,forthcoming 20 Nov 2026 trilogy-closing fantasy novel listed by Hachette and Waterstones,Hachette and Waterstones list The God of Bronze for 20 Nov 2026; Dec 2024 interview about The Book of Gold shows ongoing series promotion.,HIGH,Pre-launch profile tying the finale to the trilogy.,series overview; website-ready profile; social excerpts,"Printers, humanists and heists: a Renaissance-inspired fantasy trilogy reaching its conclusion",What did you refuse to resolve neatly when closing the Feral Gods trilogy?,The God of Bronze due 20 Nov 2026; earlier titles The Book of Gold and The Lore of Silver; Liz Bourke interview Dec 2024,Forthcoming finale from an established Irish fantasy author with public email.,English,Web search: Irish fantasy 2026,Hachette UK title page; Waterstones listing; liz bourke interview; rflong.com; Wikipedia,MEDIUM,NEEDS REVIEW,Current residence unverified (Dublin-born only). Email from search summary; publisher imprint not confirmed; ISBN seen in URL only. Confirm before outreach.
Libby Ashworth,Libby,elizabethashworthauthor@gmail.com,SUPPORTED,Shown in search summary alongside libbyashworth.com contact page; not seen on page itself,libby ashworth,elizabethashworthauthor@gmail.com,CLEAR,,United Kingdom,,Lancashire,born in,Search summary: writes Lancashire sagas; born and brought up in Lancashire,historical fiction,Traditional,https://libbyashworth.com/,The Soup Kitchen Girl,novel,2026-09,2026-09,Penguin (imprint unverified),,Cotton Crisis (book 1),Lancashire cotton famine saga,Lancashire historical setting; Cotton Crisis series opener; also writes as Elizabeth Ashworth,LAUNCH NOW,September 2026 Lancashire saga with another title due 17 Sept 2026,Search summary states The Soup Kitchen Girl released September 2026 with another book due 17 September 2026; Penguin author pages exist.,HIGH,Launch-period profile for new historical series.,website-ready profile; newsletter version; series overview,Lancashire cotton famine history as the basis for a new saga series,Which archival detail about Lancashire's cotton famine most changed how you shaped the soup-kitchen storyline?,Soup Kitchen Girl is Cotton Crisis book 1; also writes as Elizabeth Ashworth; earlier Lancashire Girls sagas,Fresh September 2026 release from a Lancashire saga author with a public email.,English,Web search: UK authors Gmail contact,libbyashworth.com - contact; penguin.co.uk author page; fantasticfiction listing,LOW,NEEDS REVIEW,Search budget ran out before verifying release dates/publisher/second book title. Email only from summary text. Do not send until confirmed.
Bea Fitzgerald,Bea,bea@beafitzgerald.com,VERIFIED DIRECT,Shown in search summary of beafitzgerald.com/contact,bea fitzgerald,bea@beafitzgerald.com,CLEAR,,United Kingdom,,England,active in UK literary market,Wikipedia snippet: English novelist; Sunday Times bestseller,young adult,Traditional,https://www.beafitzgerald.com/,This Divine Revelry,novel,,2025,Unknown,,,Ancient love story retold for modern age,"Myth retelling; previous A Beautiful Evil (Pandora, 2025); debut Girl, Goddess, Queen (2023) Romantic Novel Award",ACTIVELY PROMOTING,upcoming myth-retelling novel following 2025 release,Search summary states A Beautiful Evil published 2025 and This Divine Revelry upcoming.,MEDIUM,Profile around upcoming myth retelling.,website-ready profile; social excerpts,Greek myth retold with contemporary voice,Which mythic figure's story did you most deliberately rewrite in A Beautiful Evil?,"Girl, Goddess, Queen Sunday Times bestseller; A Beautiful Evil (2025); agent Hannah Schofield",Active YA myth author with direct public email.,English,Web search: UK YA 2026 debut,beafitzgerald.com/contact; Wikipedia,LOW,NEEDS REVIEW,"Release date, publisher of This Divine Revelry unverified. Site says contact agent for writing enquiries; email may be non-business. Genre fit (YA/romantasy) OK."
A.G. Khaliq,A.G.,agkbooks@gmail.com,SUPPORTED,Shown in search summary for author profile (Episode/Radish/Amazon bio),ag khaliq,agkbooks@gmail.com,CLEAR,,United Kingdom,,,based in,Summary describes UK-based dark mafia romance writer; pen name A.G. Khaliq,romance,Self-Published,,,,,,,,,,,NO CLEAR CURRENT MOMENT,,,LOW,,,,,,,English,Web search: UK indie romance Gmail,influencers.club romance writers list (summary only),LOW,NEEDS REVIEW,"Pen name; no verified book, date or current activity; source is a dubious email-list site. Needs full research; likely exclude."
Heather Renee,Heather,admin@heatherreneeauthor.com,SUPPORTED,Search summary of author Contact page / heatherreneeauthor.com (admin address),heather renee,admin@heatherreneeauthor.com,CLEAR,,United States,,Oregon,current residence,Search summary: 'lives in Oregon' (author bio),fantasy/speculative,Unknown,https://www.heatherreneeauthor.com,Fates and Curses,novel,2026,2026,,,,Urban fantasy / paranormal romance,Humor and sass tone; fae/paranormal romance; USA Today bestselling author,LAUNCH NOW,2026 paranormal romance release; listed for Readers & Writers Seattle July 2026,Latest book Fates and Curses published 2026 per search summary; listed among confirmed authors at Readers and Writers Seattle (25 July 2026).,HIGH,Release-period author profile for a new 2026 title.,website-ready profile; social excerpts,Humor-driven urban fantasy from an Oregon author,,USA Today bestselling; Oregon-based; Fates and Curses 2026,Fresh 2026 release plus event appearances; Pacific Northwest diversity.,English,Readers and Writers Seattle 2026 authors list,readerswritersevents.com/seattle-2026-authors; heatherreneebooks.com/pages/contact; goodreads author page,MEDIUM,NEEDS REVIEW,Email domain (heatherreneeauthor.com) differs from contact-page domain (heatherreneebooks.com); publisher/ISBN/exact date unverified; no curiosity question built. Email seen only in a web-search result summary (page not directly opened; WebFetch blocked and search budget exhausted); confirm on author site before outreach. Deep book research (excerpts/interviews) not completed.
Amber Warden,Amber,amberwardenauthor@gmail.com,SUPPORTED,Search summary of First Coast Romance Writers 'Our FCRW Authors' page,amber warden,amberwardenauthor@gmail.com,CLEAR,,United States,Jacksonville,Florida,"active in local literary community (President, First Coast Romance Writers, Jacksonville FL)",FCRW page (P.O. Box Jacksonville FL 32236); author is chapter President,romance,Unknown,https://amberwardenauthor.mailerpage.com/,Hall Pass Fridays (Necessary Temptation #1),novel,2026-03-17,2026-03-17,,,Necessary Temptation #1,"Contemporary romance; slow burn, strangers to lovers",Consensual-cheating trope (not between leads); hurt-comfort; cinnamon-roll hero,ACTIVELY PROMOTING,March 2026 contemporary romance with ongoing 2026 reviews and FCRW activity,Hall Pass Fridays published 17 Mar 2026; reviewed Feb 2026 blog; she leads FCRW which runs 2026 workshops and anthologies.,HIGH,Author profile around new series launch.,website-ready profile; newsletter version,Former accountant turned romance author launching a new series,,Hall Pass Fridays 17 Mar 2026; FCRW President; former accountant,"Fresh 2026 series opener, Florida-based.",English,First Coast Romance Writers authors page,firstcoastromancewriters.com/chapter-history/our-fcrw-authors; kaydanielsromance.wordpress.com 2026 review; goodreads/amazon author pages,MEDIUM,NEEDS REVIEW,"Publisher/publishing route/ISBN unverified; home city assumed from FCRW Jacksonville base, individual residence unverified. Email seen only in a web-search result summary (page not directly opened; WebFetch blocked and search budget exhausted); confirm on author site before outreach. Deep book research (excerpts/interviews) not completed."
Rochelle Bradley,Rochelle,EpicDreamsPA@gmail.com,SUPPORTED,Search summary of rochellebradley.com,rochelle bradley,epicdreamspa@gmail.com,CLEAR,,United States,Cincinnati,Ohio,born and raised in,"Goodreads bio: born and raised in Cincinnati, Ohio (current residence unverified)",romance,Independent,https://www.rochellebradley.com,Supported by Love 2026 Charity Anthology,anthology (contributor),2026,2026,"Epic Dreams Publishing, LLC (her imprint for earlier books)",,"Fortuna, Texas (earlier series)",Charity anthology of stories with disabled characters,"Anthology with disability representation; author also writes Fortuna, Texas small-town rom-coms",ACTIVELY PROMOTING,"2026 anthology plus Indy Lit Con (May), RAGT (Aug) and Happily Indie After Cincinnati (Aug) appearances",Search summary lists three 2026 events and the 2026 charity anthology.,MEDIUM,Event-ready author feature.,event-ready profile; social excerpts,Rom-com author with Midwest roots writing small-town Texas stories,,"Cincinnati native; Fortuna, Texas series; 2026 event schedule","Active 2026 events, Ohio-based indie.",English,Search for Texas romance authors,rochellebradley.com; goodreads author page; beventi.co author page,LOW,NEEDS REVIEW,Selected book is an anthology contribution; her own latest solo novel not identified. Email Pennsylvania-style handle (EpicDreamsPA) - state link unverified. Email seen only in a web-search result summary (page not directly opened; WebFetch blocked and search budget exhausted); confirm on author site before outreach. Deep book research (excerpts/interviews) not completed.
Elle Keaton,Elle,elle@ellekeaton.com,SUPPORTED,Search summary of author bio/contact page,elle keaton,elle@ellekeaton.com,CLEAR,,United States,Seattle,Washington,grew up in,"Bio: grew up in Seattle, WA; attending Readers & Writers Seattle 2026 (current residence unverified)",romance,Independent,https://ellekeatonauthor.com,The Drop (Subtle Deceptions #4),novel,2026-06-11,2026-06-11,,,Subtle Deceptions #4,MM romantic suspense/mystery,Fourth in series; mystery+romance LGBTQ+; HEA endings,LAUNCH NOW,June 2026 series release; Readers & Writers Seattle July 2026,The Drop released 11 Jun 2026; also an anthology in 2026; listed for Seattle event.,HIGH,Series-launch author profile.,series overview; website-ready profile,Long-running MM mystery-romance series reaching book four,,The Drop 11 Jun 2026; also photographer; Seattle roots,"Fresh 2026 series release, Pacific Northwest.",English,Readers and Writers Seattle 2026 authors list,readerswritersevents.com/seattle-2026-authors; romance.io author page; Smashwords profile,MEDIUM,NEEDS REVIEW,Current residence not confirmed; publisher unverified. Email seen only in a web-search result summary (page not directly opened; WebFetch blocked and search budget exhausted); confirm on author site before outreach. Deep book research (excerpts/interviews) not completed.
Robin Jeffrey,Robin,rsjromance@gmail.com,SUPPORTED,Search summary of robinjeffreyauthor.com contact page,robin jeffrey,rsjromance@gmail.com,CLEAR,,United States,Bremerton,Washington,current residence,"Author bio: currently resides in Bremerton, Washington",crime/thriller,Independent,https://robinjeffreyauthor.com,.exe: A Cadence Turing Mystery,novel,,,,9780578959344,Cadence Turing Mysteries,Genre-blending murder mystery and science fiction,Mystery/SF hybrid; also neo-noir werewolf detective 'Night' books,ACTIVELY PROMOTING,"Author event at Bundok Books, Puyallup, 18 Apr 2026",Bundok Books event listing for 18 Apr 2026.,MEDIUM,Event-linked author profile.,website-ready profile; series overview,Cozy-meets-cyberpunk Cadence Turing series,,Bremerton WA; 2026 Bundok Books event; two series,Active local events.,English,Seattle-area author search,robinjeffreyauthor.com; bundokbooks.com event; goodreads,LOW,NEEDS REVIEW,Newest novel .exe appears to date from ~2021 (ISBN prefix 978-0-578); recency rests on 2026 event only. Email handle 'rsjromance' may be a different pen name. Email seen only in a web-search result summary (page not directly opened; WebFetch blocked and search budget exhausted); confirm on author site before outreach. Deep book research (excerpts/interviews) not completed.
Paris Hansen,Paris,paris@parishansen.com,SUPPORTED,Search summary of parishansen.com contact page,paris hansen,paris@parishansen.com,CLEAR,,United States,Issaquah,Washington,based in,"Contact page mailing address PO Box 346, Issaquah, WA",crime/thriller,Unknown,https://parishansen.com,,,,,,,,Crime fiction and contemporary romance,,ACTIVELY PROMOTING,Listed at Readers and Writers Seattle July 2026,Listed among Seattle 2026 author-event attendees (crime fiction & romance).,MEDIUM,Event-period author profile.,website-ready profile,Crime fiction and romance combined,,Issaquah WA; 2026 Seattle event,Event activity; book unverified.,English,Readers and Writers Seattle 2026 authors list,readerswritersevents.com/seattle-2026-authors; parishansen.com,LOW,NEEDS REVIEW,Selected book and publication date NOT verified (search found none). Email seen only in a web-search result summary (page not directly opened; WebFetch blocked and search budget exhausted); confirm on author site before outreach. Deep book research (excerpts/interviews) not completed.
Becca Ryden,Becca,becryden@gmail.com,SUPPORTED,Search summary of author profile/website,becca ryden,becryden@gmail.com,CLEAR,,United States,,,attending Readers & Writers Seattle 2026 (residence unverified),Listed in Seattle 2026 author event only,fantasy/speculative,Unknown,https://beccaryden.com,Fragments of Tender Hearts,novel,,,,,,Romantasy with swords and magic,Dark-background characters; humorous romantasy voice,ACTIVELY PROMOTING,Seattle Readers & Writers July 2026,Listed as attending Seattle 2026 event.,MEDIUM,Event-period author profile.,website-ready profile,Humorous romantasy,,Desperation and Fragments of Tender Hearts titles,Event activity.,English,Readers and Writers Seattle 2026 authors list,readerswritersevents.com/seattle-2026-authors; goodreads; amazon author page,LOW,NEEDS REVIEW,US residence and 2026 book unverified; may be non-US. Email seen only in a web-search result summary (page not directly opened; WebFetch blocked and search budget exhausted); confirm on author site before outreach. Deep book research (excerpts/interviews) not completed.
