author_name,email,first_name,book_title,book_topic,personalization_detail,personalization_reason,personalized_opening,subject_line,email_body,research_sources,research_confidence,personalization_status,send_status,date_sent,country,has_audiobook,audiobook_check_sources,has_author_website,website_url,website_quality,has_book_trailer,book_trailer_url,has_amazon_a_plus,best_offer,offer_reason
Gabriel León,gabriel@divulgacion.cl,Gabriel,Teorías conspirativas: La ciencia detrás de la creencia,"Neurobiología, psicología y dinámicas sociales de la creencia conspirativa (Pizzagate, Tierra plana, chemtrails, Lady Di)",Libro publicado en junio de 2026 por Ediciones B; en entrevista con Cooperativa habló de las teorías conspirativas como un 'descanso emocional'.,"Detalle verificado en prensa y radio chilena (Cooperativa, The Clinic, Universo) y en el catálogo de Penguin Chile.","Vi que tu nuevo libro, Teorías conspirativas: La ciencia detrás de la creencia, llegó en junio, y me llamó la atención cómo explicas en Cooperativa que estas ideas funcionan como un descanso emocional para quienes creen en ellas. Es una mirada muy humana a un tema que suele tratarse con burla.",Un Author Spotlight para Teorías conspirativas,"Hola Gabriel,

Vi que tu nuevo libro, Teorías conspirativas: La ciencia detrás de la creencia, llegó en junio, y me llamó la atención cómo explicas en Cooperativa que estas ideas funcionan como un descanso emocional para quienes creen en ellas. Es una mirada muy humana a un tema que suele tratarse con burla.

Me encantaría invitarte a participar en un Author Spotlight en The Author Ledger. El reportaje está pensado para presentar a los lectores tu obra, la historia detrás de tu libro y las experiencias o ideas que han marcado tu camino como autor. Junto con nuestros reportajes editoriales, también apoyamos a autores con ediciones de audiolibro producidas profesionalmente, tráilers cinematográficos de libros, reels promocionales breves, sitios web de autor, kits de prensa, gráficos A+ para Amazon y materiales de relanzamiento.

La opción que creo que mejor se ajustaría es un tráiler cinematográfico y reels promocionales breves para Teorías conspirativas: La ciencia detrás de la creencia. En nuestra búsqueda no encontramos un tráiler oficial del libro, así que podría ser una forma atractiva de sumar un material audiovisual propio que presente la obra a nuevos lectores. Es una opción totalmente voluntaria y independiente del Spotlight.

¿Te interesaría conocer más sobre el reportaje y la opción que creo que mejor se ajustaría a Teorías conspirativas: La ciencia detrás de la creencia?

Cordiales saludos,
Oseni Ibrahim
The Author Ledger",https://www.divulgacion.cl/; https://www.penguinlibros.com/cl/economia-politica-y-actualidad/631087-ebook-teorias-conspirativas-9789566493044; https://www.cooperativaciencia.cl/radiociencia/2026/07/09/gabriel-leon-explica-por-que-el-cerebro-ama-las-teorias-conspirativas/; https://www.theclinic.cl/2026/06/19/la-teoria-conspirativa-no-necesita-tener-coherencia-desde-el-pizzagate-a-la-muerte-de-lady-di-los-analisis-de-gabriel-leon-en-su-nuevo-libro/; https://www.youtube.com/watch?v=0umgXaQXJ-s; https://www.amazon.com/Teor%C3%ADas-conspirativas-ciencia-creencia-Spanish-ebook/dp/B0GYB4LKDG,High,Needs Review,,,Chile,Unclear,"Buscado en Amazon (solo Kindle), Penguin Chile (solo ebook), Audible/Storytel (sin resultados para este título). Existe audiolibro de La ciencia pop en Audible: https://www.amazon.com/La-ciencia-pop-audiolibro/dp/B07THFWX64",Yes,https://www.divulgacion.cl/,"Sitio activo con contacto para charlas, consultorías y entrevistas; calidad no evaluada en detalle.",Unclear,,Unclear,Book Trailer and Promotional Reels,"Su sitio web existe y el libro tiene cobertura de prensa y entrevistas en YouTube, pero no apareció un tráiler oficial del libro en las búsquedas. El estado del audiolibro del título nuevo quedó sin confirmar, por eso no se propone audiolibro. Verificar tráiler antes de enviar."
Paula Carrasco,paulamacarrasco@gmail.com,Paula,Sangre negra,Novela de tensión psicológica anunciada por Alfaguara para 2026,"Su sitio oficial anuncia Sangre negra (Alfaguara, 2026); su novela anterior Algo temporal (Hueders, 2023) fue finalista del Premio Nadal 2021.",Datos tomados del sitio oficial de la autora; fecha exacta de lanzamiento y sinopsis de Sangre negra no verificadas en otras fuentes.,"Vi en tu sitio oficial que Alfaguara publica Sangre negra en 2026, y recordé que tu novela anterior, Algo temporal, fue finalista del Premio Nadal. Me parece un recorrido literario muy interesante para contar a los lectores.",Una invitación Author Spotlight para Sangre negra,"Hola Paula,

Vi en tu sitio oficial que Alfaguara publica Sangre negra en 2026, y recordé que tu novela anterior, Algo temporal, fue finalista del Premio Nadal. Me parece un recorrido literario muy interesante para contar a los lectores.

Me encantaría invitarte a participar en un Author Spotlight en The Author Ledger. El reportaje está pensado para presentar a los lectores tu obra, la historia detrás de tu libro y las experiencias o ideas que han marcado tu camino como autora. Junto con nuestros reportajes editoriales, también apoyamos a autores con ediciones de audiolibro producidas profesionalmente, tráilers cinematográficos de libros, reels promocionales breves, sitios web de autor, kits de prensa, gráficos A+ para Amazon y materiales de relanzamiento.

La opción que creo que mejor se ajustaría es un tráiler cinematográfico y reels promocionales breves para Sangre negra. En nuestra búsqueda no encontramos un tráiler oficial del libro, así que podría ser una forma atractiva de sumar un material audiovisual propio que presente la obra a nuevos lectores. Es una opción totalmente voluntaria y independiente del Spotlight.

¿Te interesaría conocer más sobre el reportaje y la opción que creo que mejor se ajustaría a Sangre negra?

Cordiales saludos,
Oseni Ibrahim
The Author Ledger",https://paulacarrasco.cl/en/; https://paulacarrasco.cl/en/home/; https://tienda.hueders.cl/products/algo-temporal; https://www.elmostrador.cl/cultura/2023/06/22/paula-carrasco-presenta-su-libro-algo-temporal/,Medium,Needs Review,,,Chile,Unclear,"Buscado para Sangre negra en Audible y web (sin resultados); no hay información de edición en audio. Algo temporal tendría edición en Audible España, no confirmada.",Yes,https://paulacarrasco.cl/,Sitio oficial bilingüe (inglés/español) con biografía y contacto; calidad no evaluada en detalle.,Unclear,,Unclear,Book Trailer and Promotional Reels,"La novela es una publicación reciente de Alfaguara y no apareció un tráiler ni materiales audiovisuales en las búsquedas. El audiolibro quedó sin confirmar, por eso no se propone. Verificar fecha de lanzamiento y tráiler antes de enviar."
Fabián Cortez,contacto@fabiancortez.com,Fabián,Pyloba,Novela de ciencia ficción y thriller sobre una entidad temida por culturas antiguas y buscada por los nazis como arma,Pyloba (Triada Ediciones) se presentó el 17 de abril de 2026 en el Museo Casa Colorada de Santiago; es su quinta novela de ciencia ficción.,Presentación reportada por Amazing Stories (Novedades de abril 2026); sinopsis desde la ficha del sitio y editorial.,"Vi que Pyloba se presentó el 17 de abril en el Museo Casa Colorada, y me llamó la atención su premisa, que mezcla una entidad temida por culturas antiguas con la búsqueda de los nazis. Es un salto interesante después de Terranova.",Contar la historia detrás de Pyloba,"Hola Fabián,

Vi que Pyloba se presentó el 17 de abril en el Museo Casa Colorada, y me llamó la atención su premisa, que mezcla una entidad temida por culturas antiguas con la búsqueda de los nazis. Es un salto interesante después de Terranova.

Me encantaría invitarte a participar en un Author Spotlight en The Author Ledger. El reportaje está pensado para presentar a los lectores tu obra, la historia detrás de tu libro y las experiencias o ideas que han marcado tu camino como autor. Junto con nuestros reportajes editoriales, también apoyamos a autores con ediciones de audiolibro producidas profesionalmente, tráilers cinematográficos de libros, reels promocionales breves, sitios web de autor, kits de prensa, gráficos A+ para Amazon y materiales de relanzamiento.

La opción que creo que mejor se ajustaría es un tráiler cinematográfico y reels promocionales breves para Pyloba. En nuestra búsqueda no encontramos un tráiler oficial del libro, así que podría ser una forma atractiva de sumar un material audiovisual propio que presente la obra a nuevos lectores. Es una opción totalmente voluntaria y independiente del Spotlight.

¿Te interesaría conocer más sobre el reportaje y la opción que creo que mejor se ajustaría a Pyloba?

Cordiales saludos,
Oseni Ibrahim
The Author Ledger",https://fabiancortez.com/; https://triadaediciones.net/en/fabian-cortez; https://amazingstories.com/2026/05/novedades-de-abril-2026-3/; https://alciff.cl/2021/02/04/miembro-alciff-marcos-fabian-cortez/; https://www.sietchediciones.cl/en/terranova-fabian-cortez,Medium,Needs Review,,,Chile,Unclear,"Buscado en sitio del autor, Triada Ediciones y web general (sin resultados de audiolibro).",Yes,https://fabiancortez.com/,"Sitio oficial del autor con biografía, Terranova y Pyloba destacados; calidad no evaluada en detalle.",Unclear,,Unclear,Book Trailer and Promotional Reels,"Se buscó un tráiler de Pyloba en YouTube y la web sin encontrar uno. El audiolibro quedó sin confirmar, por eso no se propone. Verificar tráiler antes de enviar."
María Paz Blanco,Mariapaz@mpblanco.com,María Paz,El poder de creer,"Fe, creencia y confianza como motores de transformación personal","Libro publicado el 1 de octubre de 2025 por Planeta, continuación de El poder de quererte; con reciente cobertura en The Clinic, La Tercera y Nueva Mujer.","Verificado en The Clinic, Planeta y Nueva Mujer (24 sept 2026).","Vi tu entrevista en The Clinic sobre El poder de creer y cómo el libro nace de tu propia experiencia familiar, además de tu recorrido desde El poder de quererte. Me parece una evolución muy bonita de un mensaje que ya acompaña a muchas lectoras.",El poder de creer y tu camino como autora,"Hola María Paz,

Vi tu entrevista en The Clinic sobre El poder de creer y cómo el libro nace de tu propia experiencia familiar, además de tu recorrido desde El poder de quererte. Me parece una evolución muy bonita de un mensaje que ya acompaña a muchas lectoras.

Me encantaría invitarte a participar en un Author Spotlight en The Author Ledger. El reportaje está pensado para presentar a los lectores tu obra, la historia detrás de tu libro y las experiencias o ideas que han marcado tu camino como autora. Junto con nuestros reportajes editoriales, también apoyamos a autores con ediciones de audiolibro producidas profesionalmente, tráilers cinematográficos de libros, reels promocionales breves, sitios web de autor, kits de prensa, gráficos A+ para Amazon y materiales de relanzamiento.

La opción que creo que mejor se ajustaría es un tráiler cinematográfico y reels promocionales breves para El poder de creer. En nuestra búsqueda no encontramos un tráiler oficial del libro, así que podría ser una forma atractiva de sumar un material audiovisual propio que presente la obra a nuevos lectores. Es una opción totalmente voluntaria y independiente del Spotlight.

¿Te interesaría conocer más sobre el reportaje y la opción que creo que mejor se ajustaría a El poder de creer?

Cordiales saludos,
Oseni Ibrahim
The Author Ledger",https://www.theclinic.cl/2025/10/17/maria-paz-blanco-autora-de-el-poder-de-creer-a-la-gente-no-le-gusta-reconocer-que-necesita-ayuda/; https://www.planetadelibros.com/libro-el-poder-de-creer/431563; https://mpblanco.com/; https://www.audible.com/es_US/pd/El-poder-de-creer-Audiolibro/B0FVFF4TZY; https://www.youtube.com/watch?v=SSnL-4wpPF8; https://www.nuevamujer.com/wellness/2026/09/24/todo-lo-que-buscas-ya-esta-dentro-de-ti-maria-paz-blanco-revela-por-que-creer-en-ti-puede-transformar-tu-vida/,High,Needs Review,,,Chile,Yes,Audible: https://www.audible.com/es_US/pd/El-poder-de-creer-Audiolibro/B0FVFF4TZY ; https://www.audible.es/pd/El-poder-de-creer-Audiolibro/B0FVFCCGP6,Yes,https://mpblanco.com/,"Sitio activo con blog, libros y contacto; calidad no evaluada en detalle.",Unclear,,Unclear,Book Trailer and Promotional Reels,"Ya tiene audiolibro (Audible) y sitio web, así que esos servicios no aplican. Solo apareció una entrevista en video y no un tráiler del libro; la brecha de tráiler no está plenamente verificada. Verificar antes de enviar."
Soledad Grunert,contacto@solegrunert.com,Soledad,El poder del apego en pareja,Teoría del apego aplicada a las relaciones de pareja adultas,"Su primer libro (Grijalbo/Penguin Random House, 2025) y la Escuela del Buen-Amor, con más de 52.000 personas acompañadas en cursos y talleres.",Verificado en Penguin Chile y el sitio oficial de la autora; entrevista en CIONoticias (mayo 2026).,"Me llamó la atención cómo llevas la ciencia del apego a un público amplio, tanto en El poder del apego en pareja como en la Escuela del Buen-Amor, donde has acompañado a más de 52.000 personas. Es una forma muy cercana de acercar la psicología clínica a la vida cotidiana.",Una invitación Author Spotlight para Soledad,"Hola Soledad,

Me llamó la atención cómo llevas la ciencia del apego a un público amplio, tanto en El poder del apego en pareja como en la Escuela del Buen-Amor, donde has acompañado a más de 52.000 personas. Es una forma muy cercana de acercar la psicología clínica a la vida cotidiana.

Me encantaría invitarte a participar en un Author Spotlight en The Author Ledger. El reportaje está pensado para presentar a los lectores tu obra, la historia detrás de tu libro y las experiencias o ideas que han marcado tu camino como autora. Junto con nuestros reportajes editoriales, también apoyamos a autores con ediciones de audiolibro producidas profesionalmente, tráilers cinematográficos de libros, reels promocionales breves, sitios web de autor, kits de prensa, gráficos A+ para Amazon y materiales de relanzamiento.

La opción que creo que mejor se ajustaría es un tráiler cinematográfico y reels promocionales breves para El poder del apego en pareja. En nuestra búsqueda no encontramos un tráiler oficial del libro, así que podría ser una forma atractiva de sumar un material audiovisual propio que presente la obra a nuevos lectores. Es una opción totalmente voluntaria y independiente del Spotlight.

¿Te interesaría conocer más sobre el reportaje y la opción que creo que mejor se ajustaría a El poder del apego en pareja?

Cordiales saludos,
Oseni Ibrahim
The Author Ledger",https://www.solegrunert.com/; https://www.solegrunert.com/quien-soy; https://www.penguinlibros.com/cl/familia-y-crianza/368621-ebook-el-poder-del-apego-en-pareja-9789562586900; https://www.audible.es/pd/El-poder-del-apego-en-pareja-Audiolibro/B0FK1Q53LM; https://cionoticias.tv/2026/05/18/el-poder-del-apego-en-pareja-entrevista-con-soledad-grunert/,Medium,Needs Review,,,Chile,Yes,Audible: https://www.audible.es/pd/El-poder-del-apego-en-pareja-Audiolibro/B0FK1Q53LM ; Penguin: https://www.penguinlibros.com/ar/tematicas/400197-audiolibro-el-poder-del-apego-en-pareja-9789562587020,Yes,https://www.solegrunert.com/,"Sitio oficial activo con biografía, talleres y lista de espera; calidad no evaluada en detalle.",Unclear,,Unclear,Book Trailer and Promotional Reels,"Ya tiene audiolibro y sitio web. No apareció un tráiler del libro en las búsquedas, pero no está plenamente verificado. Verificar antes de enviar."
Alejandra Costamagna,info@indentagency.com,Alejandra,Dónde puedo dejarlo,"Novela sobre la amistad entre dos jóvenes en diciembre de 1989 en Chile, la desaparición y la memoria","Novela publicada por Anagrama en abril de 2026, ambientada en el último verano de 1989 y presentada en Chile con Alia Trabucco Zerán",Detalle verificado en la ficha de Anagrama y en la agenda de El Mostrador; la autora está representada por Indent Literary Agency,"Me llamó la atención la nueva novela de Alejandra Costamagna, Dónde puedo dejarlo, publicada por Anagrama en abril de 2026 y ambientada en el último verano de 1989 en Chile, con la amistad y la memoria en el centro.",Un Author Spotlight para Dónde puedo dejarlo,"Hola equipo de Indent,

Me llamó la atención la nueva novela de Alejandra Costamagna, Dónde puedo dejarlo, publicada por Anagrama en abril de 2026 y ambientada en el último verano de 1989 en Chile, con la amistad y la memoria en el centro.

Nos encantaría invitar a Alejandra Costamagna a participar en un Author Spotlight en The Author Ledger. La entrevista está pensada para presentar a los lectores su obra, la historia detrás de su libro y las experiencias o ideas que han marcado su camino como autor.

Junto con nuestros reportajes editoriales, también apoyamos a autores con ediciones de audiolibro producidas profesionalmente, tráilers cinematográficos, reels promocionales breves, sitios web de autor, kits de prensa, gráficos A+ de Amazon y materiales de relanzamiento.

Hemos visto que Alejandra Costamagna no parece contar con un sitio web de autora propio (solo hallamos fichas en su editorial y en medios). Si les parece útil, podríamos preparar un sitio web y un kit de prensa que reúna su biografía, su obra y sus materiales de prensa en un solo lugar para lectores, medios y programadores. Es una opción totalmente voluntaria e independiente del Spotlight.

¿Les interesaría conocer más sobre el reportaje y la opción que creo que mejor encajaría con Dónde puedo dejarlo?

Un cordial saludo,
Oseni Ibrahim
The Author Ledger",https://www.anagrama-ed.es/libro/narrativas-hispanicas/donde-puedo-dejarlo/9788433950352/NH_788; https://www.elmostrador.cl/cultura/agenda/2026/04/10/presentacion-de-donde-puedo-dejarlo-de-alejandra-costamagna/; http://www.indentagency.com/alejandra-costamagna; https://www.infobae.com/america/agencias/2026/04/30/la-chilena-alejandra-costamagna-aborda-el-duelo-de-los-desaparecidos-en-su-nuevo-libro/; https://www.anagrama-ed.es/autor/costamagna-alejandra-2393,Medium,Ready,,,Chile,Unclear,"Search result suggested an audiobook listing via Casa del Libro but it could not be confirmed; Anagrama, Audible, Spotify and Apple Books not confirmed",No,,"No personal site found; only publisher, agency (indentagency.com/alejandra-costamagna) and press pages",Unclear,,Unclear,Author Website and Press Kit,"Several searches found no personal author website, only publisher, agency and media pages. Email is the agency general address; confirm agency still represents her."
Samuel Wandersleben,editorial@nasspapier.com,Samuel,El país de las maravillas,Novela de terror con crítica social: niños marcados por la violencia crean un país sin adultos,Debut en novela tras Aberraciones (dos menciones honrosas en los International Latino Book Awards 2023); lanzamiento en la Biblioteca Municipal de Concepción en febrero de 2026,"Verificado en la ficha de Nass Papier, Buscalibre y la cobertura de Canal 9 Concepción","Nos interesó la novela El país de las maravillas de Samuel Wandersleben, un relato de terror con crítica social sobre niños que crean su propio país sin adultos, y el reconocimiento de Aberraciones en los International Latino Book Awards 2023.",La historia detrás de El país de las maravillas,"Hola equipo de Nass Papier,

Nos interesó la novela El país de las maravillas de Samuel Wandersleben, un relato de terror con crítica social sobre niños que crean su propio país sin adultos, y el reconocimiento de Aberraciones en los International Latino Book Awards 2023.

Nos encantaría invitar a Samuel Wandersleben a participar en un Author Spotlight en The Author Ledger. La entrevista está pensada para presentar a los lectores su obra, la historia detrás de su libro y las experiencias o ideas que han marcado su camino como autor.

Junto con nuestros reportajes editoriales, también apoyamos a autores con ediciones de audiolibro producidas profesionalmente, tráilers cinematográficos, reels promocionales breves, sitios web de autor, kits de prensa, gráficos A+ de Amazon y materiales de relanzamiento.

Según lo que encontramos, Samuel no cuenta con un sitio web personal; su presencia está en la página de autores de la editorial y en fichas de librerías. Podríamos crear un sitio de autor y un kit de prensa que reúna su biografía, el reconocimiento de Aberraciones, su novela y materiales para medios y lectores. Es una opción voluntaria y separada del Spotlight.

¿Les interesaría conocer más sobre el reportaje y la opción que creo que mejor encajaría con El país de las maravillas?

Un cordial saludo,
Oseni Ibrahim
The Author Ledger",https://www.canal9.cl/episodios/nuestra-casa/2026/02/18/escritor-penquista-samuel-wandersleben-lanza-libro-de-terror-el-pais-de-las-maravillas; https://www.buscalibre.cl/libro-el-pais-de-las-maravillas/9789566380078/p/64934137; https://www.nasspapier.com/autores; https://www.sietchediciones.cl/aberraciones-samuel-wandersleben,Medium,Ready,,,Chile,Unclear,"Searched Buscalibre, publisher page and general web: no audiobook found, but Audible/Spotify/Apple not directly checked",No,,No personal site found; only publisher author page (nasspapier.com/autores),Unclear,,Unclear,Author Website and Press Kit,"Searches found no personal website, only the publisher author page. Email is the publisher general address, not the author's. Publication year conflicts (2025 vs Feb 2026 launch), so no year is used in the email."
Danilo Pérez Romero,daniloperezromero@gmail.com,Danilo,Costa Carmesí,"Libro anunciado para 2026, escrito entre Chile y México (género sin verificar)","Presencia en la FIL Guadalajara y anuncio del lanzamiento de Costa Carmesí en 2026 (prensa regional, enero 2026)","Verificado en El Diario de la Araucanía y Alerta Noticias Temuco; el libro no aparece en ningún catálogo, editorial ni librería","Hola Danilo, leí que representaste a Chile en la Feria Internacional del Libro de Guadalajara y que preparas Costa Carmesí, un libro que avanzó entre La Araucanía y México, lo que me pareció una historia muy atractiva.",Una invitación de feature para Danilo,"Hola Danilo,

Hola Danilo, leí que representaste a Chile en la Feria Internacional del Libro de Guadalajara y que preparas Costa Carmesí, un libro que avanzó entre La Araucanía y México, lo que me pareció una historia muy atractiva.

Me encantaría invitarte a participar en un Author Spotlight en The Author Ledger. La entrevista está pensada para presentar a los lectores tu obra, la historia detrás de tu libro y las experiencias o ideas que han marcado tu camino como autor.

Junto con nuestros reportajes editoriales, también apoyamos a autores con ediciones de audiolibro producidas profesionalmente, tráilers cinematográficos, reels promocionales breves, sitios web de autor, kits de prensa, gráficos A+ de Amazon y materiales de relanzamiento.

Como Costa Carmesí aún no parece haberse lanzado, podríamos acompañar su salida con un tráiler cinematográfico y reels promocionales breves para redes. Es solo una idea para cuando el libro esté listo, es totalmente opcional y está separada del Spotlight.

¿Te interesaría saber más sobre el reportaje y la opción que creo que mejor encajaría con Costa Carmesí?

Un cordial saludo,
Oseni Ibrahim
The Author Ledger",https://www.eldiariodelaaraucania.cl/2026/01/15/escritor-araucania-chile-fil-guadalajara/; https://alertanoticiastemuco.cl/2026/01/15/escritor-araucania-chile-fil-guadalajara/; https://mallecoescultura.cl/artista/danilo-perez-romero/; https://www.daniloperezromero.cl/producto/diario-de-pub-y-demases/; https://www.instagram.com/daniloperezromero/,Low,Needs Review,,,Chile,Unclear,Not found in general web search; no platform confirmed,Yes,https://www.daniloperezromero.cl/,Author site with a product page for Diario de Pub y Demases; quality not fully assessed,Unclear,,Unclear,Book Trailer and Promotional Reels,"Costa Carmesí is announced press only (two 2026 articles); no publisher, date, genre or listing could be verified in repeat searches, so a trailer is a launch-stage suggestion, not a verified gap. Needs Review before sending."
Hermann Mondaca Raiteri,hermannmondaca@gmail.com,Hermann,Arica y Parinacota. Tierra milenaria en el corazón de América,Colección de 11 libros sobre la historia de Arica y Parinacota,Colección de 11 libros lanzada en 2018 tras 33 años de investigación; charla sobre el ariqueñismo en Arica el 9 de junio de 2026,"Verificado en Cooperativa (2018), Pagina19 (FILSA 2018), El Morrocotudo y Frontera Norte (2026)","Hola Hermann, me interesó tu colección Arica y Parinacota. Tierra milenaria en el corazón de América, fruto de 33 años de investigación, y tu reciente charla sobre el ariqueñismo en la Biblioteca Alfredo Wormald Cruz en junio de 2026.",Hermann Mondaca y la historia milenaria de Arica,"Hola Hermann,

Hola Hermann, me interesó tu colección Arica y Parinacota. Tierra milenaria en el corazón de América, fruto de 33 años de investigación, y tu reciente charla sobre el ariqueñismo en la Biblioteca Alfredo Wormald Cruz en junio de 2026.

Me encantaría invitarte a participar en un Author Spotlight en The Author Ledger. La entrevista está pensada para presentar a los lectores tu obra, la historia detrás de tu libro y las experiencias o ideas que han marcado tu camino como autor.

Junto con nuestros reportajes editoriales, también apoyamos a autores con ediciones de audiolibro producidas profesionalmente, tráilers cinematográficos, reels promocionales breves, sitios web de autor, kits de prensa, gráficos A+ de Amazon y materiales de relanzamiento.

Tu colección se lanzó en 2018 y el interés actual por el ariqueñismo abre una buena oportunidad para volver a presentarla a nuevos lectores. Podríamos preparar un paquete de relanzamiento con materiales renovados, como piezas gráficas, textos de presentación y contenidos para redes. Es una opción voluntaria y separada del Spotlight.

¿Te interesaría saber más sobre el reportaje y la opción que creo que mejor encajaría con tu colección Arica y Parinacota?

Un cordial saludo,
Oseni Ibrahim
The Author Ledger",https://cooperativa.cl/noticias/pais/region-de-arica/escritor-ariqueno-lanza-coleccion-de-libros-sobre-la-historia-y-el/2018-07-15/174518.html; https://pagina19.cl/nacional/cultura/exitoso-lanzamiento-de-arica-y-parinacota-tierra-milenaria-en-el-corazon-de-america-en-filsa-2018/; https://www.elmorrocotudo.cl/noticia/listado/una-historia-milenaria-11-libros-sobre-la-historia-y-porvenir-de-arica-y-parinacota; https://www.fronteranorte.cl/2026/06/09/direccion-de-cultura-organizo-enriquecedora-jornada-sobre-la-historia-y-las-raices-del-ariquenismo/; https://www.hermannmondacaraiteri.cl/,Medium,Ready,,,Chile,Unclear,Search summary of hermannmondacaraiteri.cl mentions podcasts and audiobooks but the page could not be opened; Audible/Spotify not confirmed,Yes,https://www.hermannmondacaraiteri.cl/,"Active personal site with bio, books, podcasts; not fully assessed",Unclear,,Unclear,Book Relaunch Package,"Collection published in 2018 (verified) and revived by 2026 talks, so relaunch materials fit; audiobook, trailer and A+ gaps could not be verified. Email source page was not opened; confirm before sending."
Gabriela Exilart,escuelaexilart@gmail.com,Gabriela,Tierra herida,"Novela histórica sobre los trabajadores, mujeres e inmigrantes de las canteras de Tandil y la gran huelga de principios del siglo XX","Tierra herida (Plaza & Janés, mayo de 2026) transcurre en las canteras de Tandil y continúa personajes de El secreto de Azucena; presentada en la Feria del Libro de Buenos Aires","Verificado en Infobae (septiembre 2026), Bacap, La Capital MDP y Rosario3","Hola Gabriela, me llamó la atención Tierra herida, tu novela publicada por Plaza & Janés en mayo de 2026, que rescata la huelga de las canteras de Tandil y retoma a personajes que eran niños en El secreto de Azucena.",Tierra herida y tu camino como autora,"Hola Gabriela,

Hola Gabriela, me llamó la atención Tierra herida, tu novela publicada por Plaza & Janés en mayo de 2026, que rescata la huelga de las canteras de Tandil y retoma a personajes que eran niños en El secreto de Azucena.

Me encantaría invitarte a participar en un Author Spotlight en The Author Ledger. La entrevista está pensada para presentar a los lectores tu obra, la historia detrás de tu libro y las experiencias o ideas que han marcado tu camino como autora.

Junto con nuestros reportajes editoriales, también apoyamos a autores con ediciones de audiolibro producidas profesionalmente, tráilers cinematográficos, reels promocionales breves, sitios web de autor, kits de prensa, gráficos A+ de Amazon y materiales de relanzamiento.

Vimos que tu presencia en línea se apoya en redes sociales y en un blog, y no encontramos un sitio web de autora propio. Podríamos armar un sitio y un kit de prensa que reúna tu obra, tu trayectoria y materiales para medios y lectores. Es una opción voluntaria y separada del Spotlight.

¿Te interesaría saber más sobre la nota y la opción que creo que mejor encajaría con Tierra herida?

Un cordial saludo,
Oseni Ibrahim
The Author Ledger",https://www.infobae.com/cultura/2026/09/08/tierra-herida-la-lucha-de-trabajadores-mujeres-e-inmigrantes-que-gabriela-exilart-rescata-de-las-canteras-de-tandil/; https://bacap.com.ar/2026/05/25/gabriela-exilart-publico-tierra-herida-una-nueva-novela-situada-en-tandil/; https://www.lacapitalmdp.com/gabriela-exilart-presenta-tierra-herida-en-la-feria-del-libro-de-buenos-aires/; https://www.penguinlibros.com/ar/novela-historica/630220-libro-tierra-herida-9789506448271; https://www.facebook.com/GabrielaExilartOficial/; https://www.instagram.com/gabrielaexilart/,High,Ready,,,Argentina,Unclear,Audible author page exists (https://www.audible.com/author/Gabriela-Exilart/B081Z78YT3) with Secretos al alba; no Tierra herida audiobook confirmed,Poor,https://www.facebook.com/GabrielaExilartOficial/,"No dedicated site found; Facebook page, Instagram and an older Blogspot blog only",Unclear,,Unclear,Author Website and Press Kit,"No dedicated author website found across searches, only social pages and a blog. Email is her writing workshop address from her Instagram bio. Penguin page lists a different ISBN/description than the ledger; core facts match press."
Zoe York,zoeyorkwrites@gmail.com,Zoe,Stolen Hope (Dragonfly Creek #1),Small-town cowboy romance in Dragonfly Creek; a city woman and her daughter on the run from a violent ex are protected by a ranching family,"Stolen Hope launched the Dragonfly Creek series on 1 May 2026; book 2, Lucky Haven, released September 2026; previous Pine Harbour small-town series","Verified in search results (Amazon, Goodreads, zoeyork.com)","I noticed that Stolen Hope opened your Dragonfly Creek series this May, taking you from the small towns of Pine Harbour to a cowboy romance world, and that book two, Lucky Haven, followed in September. It is exciting to see a long-running series author start something new.",An Author Spotlight for Stolen Hope,"Hi Zoe,

I noticed that Stolen Hope opened your Dragonfly Creek series this May, taking you from the small towns of Pine Harbour to a cowboy romance world, and that book two, Lucky Haven, followed in September. It is exciting to see a long-running series author start something new.

I would love to invite you to be featured in an Author Spotlight on The Author Ledger. The feature is designed to introduce readers to your work, the story behind your book, and the experiences or ideas that have shaped your journey as an author. Alongside our editorial features, we also support authors with professionally produced audiobook editions, cinematic book trailers, short promotional reels, author websites, press kits, Amazon A+ graphics, and book relaunch materials.

While looking at where Stolen Hope appears online, I could not find a book trailer or short promotional reel for the series. A cinematic trailer and a few reels could give new readers a quick way into Dragonfly Creek. This is entirely optional and separate from the Spotlight, and the Spotlight stands on its own either way.

Would you be interested in hearing more about the feature and the option I believe would suit Stolen Hope best?

Warm regards,
Oseni Ibrahim
The Author Ledger",https://www.zoeyork.com/; https://www.zoeyork.com/dragonfly-creek; https://us.amazon.com/Stolen-Hope-Dragonfly-Creek-Book/dp/B0HJ987CQD; https://www.goodreads.com/series/441770-dragonfly-creek; https://www.fantasticfiction.com/y/zoe-york/,Medium,Needs Review,,,Canada,Yes,Audible/Amazon: https://us.amazon.com/Stolen-Hope-Dragonfly-Creek-Book/dp/B0HJ987CQD (narrated by Lucy Rivers and Brandon Francis),Yes,https://www.zoeyork.com/,"Professional, active, has dedicated series pages",Unclear,,Unclear,Book Trailer and Promotional Reels,"Audiobook exists and website is strong. No trailer or reel for Stolen Hope surfaced in two searches, but absence is not conclusively verified (YouTube/Instagram not directly checkable), so best_offer is a tentative fit; confirm trailer gap before sending."
Ines Bautista-Yao,writeme@inesbyao.com,Ines,Happily Ever After... Again,Annulled mother of preschool twins rebuilds her life and finds unexpected romance,11th novel published 24 Feb 2026 by Penguin Random House SEA; National Book Store bestseller list May to June 2026; Ateneo news feature June 2026,Verified via Ateneo news and PRH SEA pages,"I enjoyed learning that Happily Ever After...Again, your 11th novel, reached the National Book Store bestseller list in May and June, and that Ateneo recently featured its release. A story of hope and a fresh start is a lovely thing to share with readers.",Featuring the story behind Happily Ever After... Again,"Hi Ines,

I enjoyed learning that Happily Ever After...Again, your 11th novel, reached the National Book Store bestseller list in May and June, and that Ateneo recently featured its release. A story of hope and a fresh start is a lovely thing to share with readers.

I would love to invite you to be featured in an Author Spotlight on The Author Ledger. The feature is designed to introduce readers to your work, the story behind your book, and the experiences or ideas that have shaped your journey as an author. Alongside our editorial features, we also support authors with professionally produced audiobook editions, cinematic book trailers, short promotional reels, author websites, press kits, Amazon A+ graphics, and book relaunch materials.

While looking for your work online, I noticed that your writing is spread across a WordPress blog and a couple of web addresses, and I could not find one dedicated home that brings your eleven novels and your press details together. An author website with a clean press kit could make it easier for readers, bookstores and media to find everything in one place. This is entirely optional and separate from the Spotlight.

Would you be interested in hearing more about the feature and the option I believe would suit Happily Ever After... Again best?

Warm regards,
Oseni Ibrahim
The Author Ledger",https://www.ateneo.edu/news/2026/06/ines-bautista-yao-release-her-11th-novel-happily-ever-afteragain; https://www.penguin.sg/book/happily-ever-after-again/; https://www.penguin.sg/book_author/ines-bautista-yao/; https://inesbyao.wordpress.com/; http://inesbyao.com/; https://books.google.com/books/about/Happily_Ever_After_Again.html?id=KG-t0QEACAAJ,Medium,Needs Review,,,Philippines,Unclear,"Searched Google Books, PRH SEA, Audible/Storytel/Google Play queries; no audiobook edition found but not conclusive",Poor,http://inesbyao.com/,Blog-style WordPress presence (inesbyao.wordpress.com) with multiple domains; no dedicated press kit seen; not directly opened,Unclear,,Unclear,Author Website and Press Kit,"Website is the clearest visible gap: blog-style WordPress site split across inesbyao.com, inesbyao.wordpress.com and inesbautistayao.com, no press kit surfaced. Audiobook and trailer could not be verified either way. Site pages could not be opened, so quality judgement is from search results only."
James Murphy,farsetinvestigations@gmail.com,James,"Farset Investigations Belfast, Case File Two: The Terror Within",Belfast private detective crime fiction; Mark Shaw faces family crises while investigating,"Case File Two released March 2026; Falls Road detective agency setting; Emerald Noir advocacy, crime writing podcast, Libraries NI 'The Man Behind the Books' event","Verified via Amazon, Dorset Book Detective interview (Mar 2026), Libraries NI","I was drawn to your Farset Investigations Belfast series, with Mark Shaw running his uncle's detective agency on the Falls Road, and to the March release of Case File Two: The Terror Within. Your work as an Emerald Noir champion, through your podcast and the Libraries NI events, adds a lovely personal side to the books.",Featuring the story behind The Terror Within,"Hi James,

I was drawn to your Farset Investigations Belfast series, with Mark Shaw running his uncle's detective agency on the Falls Road, and to the March release of Case File Two: The Terror Within. Your work as an Emerald Noir champion, through your podcast and the Libraries NI events, adds a lovely personal side to the books.

I would love to invite you to be featured in an Author Spotlight on The Author Ledger. The feature is designed to introduce readers to your work, the story behind your book, and the experiences or ideas that have shaped your journey as an author. Alongside our editorial features, we also support authors with professionally produced audiobook editions, cinematic book trailers, short promotional reels, author websites, press kits, Amazon A+ graphics, and book relaunch materials.

While looking at the series online, I could not find a book trailer for the Farset Investigations books. A cinematic trailer and a few short reels could give new readers a quick feel for the Belfast setting and the mood of the cases. This is entirely optional and separate from the Spotlight.

Would you be interested in hearing more about the feature and the option I believe would suit The Terror Within best?

Warm regards,
Oseni Ibrahim
The Author Ledger",https://www.amazon.com/Farset-Investigations-Belfast-Terror-Within/dp/B0GTL9LHRR; https://www.jamesmurphywriter.org/; https://www.jamesmurphywriter.org/books; https://dorsetbookdetective.wordpress.com/2026/03/01/james-murphy-interview-im-hugely-passionate-about-championing-the-world-of-emerald-noir/; https://www.librariesni.org.uk/news/join-crime-author-james-murphy-for-the-man-behind-the-books-event-in-local-libraries/; https://www.audible.com/author/James-Murphy/B07W5JB4K6,Medium,Needs Review,,,Northern Ireland,Unclear,Audible author page https://www.audible.com/author/James-Murphy/B07W5JB4K6 exists but could not confirm it is this author or this title; Amazon UK author page; no confirmation either way,Yes,https://www.jamesmurphywriter.org/,Active dedicated author site with books page; not opened directly,Unclear,,Unclear,Book Trailer and Promotional Reels,"Website exists. No trailer surfaced for the Farset series in searches, but YouTube/social not directly checkable, so tentative; audiobook status unresolved so not offered. Confirm trailer gap before sending."
